"Species","442.7","492.4","559.8","664.6","704.1","740.5","782.8","832.8","864.7","945.1","1373.5","1613.7","2202.4"
"PH",1.98289720159078,3.19983802244719,9.40946527207723,2.7012926636124,11.1615944217494,45.194887879494,51.9336443131644,52.3758490936586,52.769081009717,49.2332286349517,34.2858361059839,22.9960570666408,9.29744675156366
"PH",1.67821312089919,2.8480610973525,9.25243192166285,2.36310650941561,11.0522114546555,45.1378391427475,52.3197179713418,52.7886650601201,53.1272911481558,49.5170372829163,33.4429375586089,21.2916100993659,8.50373901329339
"PH",1.85158928277218,2.76818171269852,8.4809945190457,2.579000353733,11.1899806000556,42.0413773144275,47.9777008329941,48.4984786933806,48.8830435520508,45.7385359400376,31.9428199654142,21.0788089607187,8.68808850251069
"PH",2.04451910891021,2.79405307950155,7.99611113607471,2.68992301549277,11.5008285863849,45.1855952924112,51.8404625410513,52.5504610241564,52.9822931616733,50.0526313630018,35.1768167647144,23.1872039341798,9.20460487302378
"PH",1.96068954413007,2.72974943635096,7.86220716794324,2.60923527711022,11.3626023348876,44.8448950269431,51.3819619028354,51.9771991236728,52.3906084612487,49.0847561654813,34.1560385116804,22.706210361819,9.14636521271411
"PH",1.95884370517742,2.77870514303424,8.30987456374841,2.63611614730517,11.9980057327662,46.5614512679228,53.424509960734,54.0654509388059,54.4259016800673,51.5221098208377,35.8104455355498,24.0791845971365,9.90850751312804
"PH",1.924903116695,2.7399115892118,8.02434491205555,2.6308806763475,11.5556004428366,43.8480144784646,49.9677283009902,50.5428688692479,50.8858277914842,48.103464572909,34.2090424708988,22.9325403750187,9.60180197952842
"PH",1.94925932459053,2.8014895940333,8.39800998668626,2.65799512351501,12.1832882632111,48.5851861416838,55.9344494213662,56.6363296701685,57.0353033599107,53.8729095647495,36.7228911032138,24.4608827531885,9.96603763567608
"PH",2.5339114499123,3.30739543153876,8.5838600873085,3.20547233522258,12.4789397594526,42.2477744432132,46.9272213109674,47.4996392051967,47.8501439971613,46.2515802385519,34.8182592802895,24.5649614879763,10.3327860815802
"PH",2.5363031940561,3.28479326698815,8.46622417187644,3.21478664458853,12.2585742869155,41.0963293061478,45.6329705408568,46.1901871902868,46.4819568443415,45.2920471814202,34.5387294826749,24.4639564378131,10.5173687715707
"PH",2.65826494009999,3.44556495168622,8.67617336990918,3.50338992140453,12.453668742593,39.0820072088296,43.1531543961752,43.7469297689088,44.0624196660175,42.9608067840784,33.1385921617726,24.1436612273094,10.7676948503978
"PH",2.5503685306824,3.27412068237267,8.21931707621826,3.23050732102407,11.9311716167104,40.1231200672518,44.6062705921681,45.1683111822252,45.4692636031686,44.1460642708187,33.9336227429354,24.2858287387207,10.5840051224129
"PH",2.62851113233136,3.45550431145572,8.9461395115836,3.43960140170732,12.9118233910234,41.0408876711797,45.3040580368268,45.8977503655299,46.3113368569271,44.4840306997734,34.0397237104499,25.0972407051886,11.080242992865
"PH",2.63751995133009,3.48388634621411,8.87518887218411,3.45872536862708,12.7750406812919,40.1716926139033,44.4810301456047,45.1439854734375,45.549003151209,44.0620985370174,33.8545608036974,24.5793914424715,10.6198885328324
"PH",2.68277367009864,3.52773974357643,8.68303638715478,3.62665085379799,12.4525306923523,38.0413632886884,42.0157224028692,42.645986705776,43.0291099828384,41.6396296124497,32.8411547729911,24.075051377889,10.7053356599219
"PH",2.55873049545373,3.37781438584982,8.39339535233104,3.46458279979119,12.154562075979,39.5506442035111,44.1806540675711,44.8118197403817,45.1972904008158,43.4830068257294,33.01303580742,23.7873127482841,10.4639609736504
"PH",2.33065382601942,3.12293651392291,8.35219161154586,3.03348971146661,12.3039505532751,44.7785375746528,50.8765738281579,51.5579146318887,51.9885297497863,49.4178109028392,35.4544326838417,24.3469856221169,9.97992208553242
"PH",2.4941192171813,3.39678110111986,9.07952765118969,3.35207364684287,13.1547883140015,43.4390719719829,48.6291602516596,49.273105483715,49.7029106250526,47.2200830220527,34.7086234897465,24.3353310266118,10.1629788096099
"PH",2.37154266494877,3.20834782654601,8.47162521247438,3.20566538702649,12.3543897198705,41.4382171135602,46.3429672935524,46.9882076374304,47.4315525568927,44.9310021608621,33.0760160834335,23.3423234430611,9.87329367640926
"PH",2.50512773630339,3.5311078335473,9.78516659000629,3.4022766440213,13.9107791086597,46.6450156481597,52.2329954037134,52.9484762889823,53.4236555127563,50.8242156404835,37.0212137765912,25.2909171859536,10.5623295172272
"PH",2.46858315616305,3.5964312388052,10.2532894266092,3.48274359911709,14.5305753908256,46.9285216261791,52.3114715674944,53.1136113468152,53.6203381114027,51.3865929290247,37.3387641358501,25.103285710968,10.4762730340142
"PH",2.47016562293645,3.53469353851055,9.73329360266553,3.34878418204675,13.693326509294,46.7733659609375,52.9450803356584,53.4519991654007,53.857456845574,50.488310401325,35.3452940429478,23.3703424875046,9.66652822991269
"PH",2.66834063699531,3.84832844658855,10.8177471545992,3.67371520039913,15.3273559153016,52.3411521672438,58.7864450854556,59.4711992561422,60.0034093489831,56.541018617728,40.1692529809097,27.0908488383127,11.2320558121588
"PH",2.27055721781823,3.32431585911928,9.89549296423439,3.12609583405719,14.1303750581648,52.1558341567322,59.0514931538129,59.6381203182022,60.0260269703065,56.2422337112745,39.768600995423,25.6461201792125,10.504756629636
"PH",2.2080916097635,3.34816406881536,10.3262514800974,3.16146426118375,14.7157334406752,55.0395783036211,62.6508302270822,63.2247138609493,63.5461706464057,59.4740216648678,42.5998046456181,26.9197904943348,11.1557586076233
"PH",2.329028142599,3.42792708437976,9.8800386452128,3.28097734601344,14.0719094242693,52.2849662925406,59.5470686279048,60.0628494664448,60.4159529980922,56.4115291155005,40.5699451604413,25.7645325161429,10.7704620741209
"PH",1.90439654199271,2.8206940701876,8.81734404506954,2.66732188047845,12.5488183231035,45.0043811154132,50.8592741312477,51.3436835004981,51.7222108208347,48.3972471261853,34.6522651156375,22.3937613804634,9.22657437902688
"PH",2.03975087090238,2.90294877067015,8.79185976209055,2.72956546993477,12.5911909406699,48.5925102200592,55.6222492360186,56.1909898174859,56.535282355868,53.2443230272855,38.2305293649783,24.2036636904848,10.0903281293766
"PH",2.16723561100813,3.18698157244017,9.5892498947845,3.04325923288788,13.4903144415927,46.3921300883032,52.3389077240719,52.9695889164496,53.3567996442136,50.453315744069,36.8904206748424,23.6021123997226,10.0193760558407
"PH",2.02083417981884,2.76582509468641,7.91369377940012,2.60755827232797,11.4045381269732,48.0685600629986,56.3009173272469,56.891127463024,57.3262260596355,52.845750772397,35.6730258908173,22.6488788171847,9.23805701689697
"PH",2.18168344071937,2.97939408258739,8.15214708608041,2.85373055733152,11.735807349302,47.8700276186506,55.7439166338616,56.3214712049768,56.7608213372164,52.4353354568019,36.0410247081211,23.3783529739263,9.75156797999164
"PH",2.55971892487464,3.34184890722052,8.20544699398556,3.3923841889379,11.6545895383829,42.6240647284755,48.92944239125,49.5951336375273,50.077593159241,46.9729937931967,34.4931881625038,23.1125418978995,10.1229727619334
"PH",3.01307636509198,3.6681505772285,7.80002178064153,4.05965964591379,10.9767366450677,32.5285675383652,36.031841554719,36.7754159431105,37.2706077185216,36.3056526266001,30.7959717559084,22.3735606701815,10.5653829697314
"PH",2.96371576000155,3.59995086211147,7.70222572838187,3.96495647170979,10.8425863825142,32.204886867183,35.665580270387,36.4059933049592,36.890264805681,35.9527679099148,30.5823028582201,21.9960104384579,10.3627927881454
"PH",2.71592584235503,3.56955857329186,9.25165466532751,3.69570468058346,13.0474182104195,42.2771383741271,47.4281531255555,48.2360588688293,48.7542728746645,46.8110272080987,36.2999802181199,25.1562272786636,11.1237207897031
"PH",2.58245386130969,3.67943794981417,10.6996032154285,3.74712598578834,14.8243154545354,44.6799107220927,49.8751957240876,50.6581474727613,51.1722956569832,49.0111230872393,38.3606494382267,26.6841609623834,12.0294461859287
"PH",2.56569903178042,3.67889911846521,10.7561572275389,3.78607078338629,14.9499524222268,44.3363557736091,49.4071863015552,50.1929610139932,50.7144936149292,48.5956022839275,38.3893532116494,27.007953465534,12.0505010543852
"PH",2.51931235655059,3.53254899165784,10.1278018572524,3.59999861870031,14.2027053347907,44.5238522005137,49.8640154743046,50.6395402118779,51.1658349784844,48.7704187489748,38.1099555962018,26.2746124829879,11.6825966095691
"PH",2.20787119659421,2.97718651146302,8.49716801130371,2.8372325171298,12.4138357037105,48.1985563949373,54.8588771858465,55.5986853771988,56.0487353230461,53.3016445330763,39.4754576876462,25.0570629779918,10.3289480526066
"PH",2.11534905513543,2.92052813930881,8.55781140158668,2.77686960330687,12.476948790901,47.463200015837,53.9941953790779,54.7207281339223,55.1612049324968,52.4049306935506,38.9914005651057,24.6787808931965,10.2548390378711
"PH",2.23591042784497,3.12035467671624,9.3381480035494,3.00738364787391,13.5516879928657,48.296610984414,54.4429630032256,55.1068002018451,55.570945625538,52.5283078740864,39.5109919964752,25.7576042709498,10.9826219574656
"PH",2.40583062219217,3.40067648280221,10.2852507219821,3.31972359658549,15.0913740593569,54.9443229717517,62.0105637935802,62.6527446905426,63.2151502369917,58.9395781109264,42.0648645046844,27.810861136187,11.4787179590534
"PH",2.29032690371287,3.34634363099949,10.656607238948,3.28112403577082,15.581048749208,54.5529624073847,61.3563113024553,62.0617362500047,62.6000854505977,58.6672956114888,42.593379436621,27.91802177389,11.7035165693305
"PH",2.01704680056428,2.90737758420182,9.12498874315003,2.84140888301267,13.3878515408732,48.3226368451221,54.4647299675252,55.1690166269066,55.6881473184486,52.4061369182125,38.2259635479805,24.7654400150542,10.3205494528938
"PH",2.07339617679835,2.90368272438552,8.93959291357453,2.79316796810281,13.1176831331265,49.1767358234617,55.6397250904778,56.2254334337751,56.7211422579206,52.9054981956433,38.6183375793508,25.0422562491123,10.6079006639753
"PH",2.01773158866007,2.88959675150583,9.0771449414983,2.79527714523594,13.3283407776935,48.7404215221045,55.0117466093699,55.6372957638263,56.1564169225896,52.5442881693869,38.3411698938807,24.9425193909348,10.5700765819122
"PH",2.06928737749029,2.81240980252336,8.50384651210317,2.66977459186761,12.6643412958931,52.2004492811141,60.2734349436754,60.8932249654127,61.4211173213815,56.7757077077936,40.0217968422685,25.6548322836136,10.5038364735202
"PH",1.82883760009404,2.4343059469184,7.15956069679236,2.24357887654497,10.559644117026,52.0552350039718,62.5915131343628,63.2196068264963,63.739373501237,57.5685215885675,37.7881126901491,22.6212729959514,8.75074875672351
"PH",1.93552336255289,2.55490378820058,7.37280825248691,2.38535650594084,11.0234421220893,53.130297546273,63.4279867985274,64.1014146909506,64.6694824974407,58.6450154441885,38.5117102265105,23.4876273228227,9.11472907885554
"PH",1.87268384514766,2.46935732646397,7.27097752739565,2.31036052247549,10.9622534519766,53.1728653215811,63.632131997533,64.3455217623216,64.9394439654524,58.8923562995492,38.2320478649419,23.0599657252932,8.71839309805183
"PH",1.91613053919232,2.54077406981009,7.41038524654066,2.39810107842306,11.1447571589551,53.9462665181912,64.5536448151825,65.333219168818,65.9384405350713,59.9830375969348,39.2363789165146,23.7517730593838,9.04541629140281
"PH",1.95650557427004,2.78696859142668,8.48755956246423,2.67081462767373,11.9489000333943,55.4304338139197,66.4369286360851,67.5280269254881,68.2478006427712,63.3638954335715,40.2857939277447,26.0618931049143,10.2806343606348
"PH",1.89376444201077,2.64042137573487,7.79215109079295,2.47830211472069,10.869090177078,50.2199097543359,59.966705845635,60.7740180292267,61.3614968452512,56.5131754764785,34.9947000877842,22.9170800132278,8.82825372663272
"PH",2.63283279471995,3.48241354512122,9.02022763259479,3.59646490191533,12.4567811354669,49.3328594426087,57.6695825219795,58.5496213043447,59.189474586443,55.4929844160835,38.3817228579871,26.7492954643456,11.5672575791666
"PH",3.35562358434518,4.40015876416715,11.5326101661717,4.46763687917557,16.0950488998317,53.758680133142,60.6226168247972,62.0428041484048,62.9173475426852,61.6750830632693,48.6037007383511,34.587196497594,15.5402872503593
"PH",3.01597763019864,3.88506717486324,9.73970753521217,4.00936728522574,13.4075493176714,44.5675574921857,50.5243225772442,51.8017759116438,52.6182910192242,51.5614676351081,41.4017987048974,29.4792725033678,13.752679554891
"PH",3.12839057518939,3.95071237628438,9.30161376151526,4.24188773516204,12.7802434589561,41.5735464179728,47.279289365891,48.6965740888193,49.5643673364189,49.1330391063163,40.9937074112354,29.5274865739788,14.3858588254188
"PH",3.03172066189163,3.89758771140753,10.000493743317,3.98488325013644,14.0301032566866,50.8780817769474,57.982108622069,59.1673796354798,59.8011164793641,58.5903946300964,44.3358643603193,31.3000144706539,14.4469630577959
"PH",2.82235763788411,3.72607037343032,10.5095324674586,3.51051679348576,14.7283672203007,57.2740283688825,65.2655083624927,66.2321566662468,66.6790352162522,64.9474505615804,46.4051575967574,31.7840520441597,13.5440211422339
"PH",2.67565779256883,3.60897914782376,10.2055691717946,3.5417976114543,14.3571104619558,53.6387869917285,61.1708376432831,62.4268445177514,62.9348244988937,62.5831128422347,45.6117279403195,31.2881839334967,13.7081546409878
"PH",2.69953887249303,3.846470748069,11.2448138147009,3.77184256288712,15.7684682377912,55.5004176704421,62.996119550145,64.4007345375414,64.9037148373952,65.3612290261804,46.9595837525316,31.6125205786825,13.7694093803933
"PH",2.78340336222742,4.03965908547988,12.1235016172255,3.93530830969917,17.0363586620403,58.4843486950773,66.0960101290193,67.5458393672208,68.0181095541886,68.7763687050134,48.3045773693939,32.645724518695,14.2429764667405
"PH",2.77573963229945,3.70995908225644,9.44303043933472,3.89580485469847,13.3446723856356,50.0041417880782,57.3176404225374,58.6362405085277,59.2880541927909,58.6701653039971,43.9612780415378,30.4921130515127,13.8175230775092
"PH",2.62298887152989,3.6577136348199,9.6289022764939,3.94604743972842,13.5423407262486,44.0922212801648,49.8185102906471,51.0521103635897,51.7699856542613,50.6975675381727,39.9303712197766,27.8029444025592,12.6676628495938
"PH",2.91841948745932,3.94157598128895,9.57594268144483,4.38012060286393,13.4579666168284,42.4222114340206,47.9696022969667,49.2771976380349,50.0710620875723,49.1338908024651,39.5290959093656,28.4102627847813,13.4548297055638
"AT",2.51871672826226,3.06873284619394,5.59380818700497,3.93431893044411,8.42972661858927,25.786400947829,30.6448134502693,32.0617536625667,33.1253155732186,32.0092477959169,28.6453716698036,21.8532659764584,10.5885380724117
"AT",3.06129861114491,3.74319608087173,6.39789133119593,5.16010848255528,9.72782846140334,25.8305569228833,30.3924631003838,31.7793551893146,32.856222273771,31.4912635740941,28.5297303571943,22.2489071593178,11.3799755158376
"AT",2.76210204450068,3.32808458081926,5.83821862792379,4.12048493658336,8.82385576173967,28.5522154034611,33.9517102103443,35.1829784845896,36.1806722750214,34.2970962474174,29.0524974369968,21.4922073190403,9.99470067868178
"AT",2.60199833962334,3.07386774492243,5.29077459613306,3.34376072525577,7.67766270861233,29.0448859170916,34.7601334625235,35.9529663061575,36.8557975971784,35.4575901316224,30.2360179347718,21.468732142075,9.68080565985809
"AT",2.48533199512691,2.91344603318752,4.75282850195275,3.3186184593718,6.88666131160681,23.9179436361152,28.6709786021925,29.8201193250436,30.7018300873012,29.6588546723249,25.5317520635199,18.8458094260906,8.68090976469754
"AT",2.87657173386198,3.85459454247189,6.8407865233664,4.21338138781488,9.14107216957798,27.4272401172293,32.5245411536089,33.883505329848,34.7928431487395,33.5668823375705,26.9105243023173,17.4025966799523,7.81783324442385
"AT",2.35391481476314,3.21868073270884,6.02720200617582,3.55739317091771,8.24647174788309,26.1650348633669,31.4095582964648,32.691945995691,33.5821629407167,31.6035852761876,24.2353695514328,14.8175925019192,6.32839281119247
"AT",2.57418378508043,3.34754099617102,5.73444211654288,3.65604019255384,7.53245417726084,21.7903454961032,25.689092697245,26.7438142023202,27.5180640846914,26.447151982137,22.1150751574568,14.5309091582589,6.67598457075192
"AT",3.76461287280043,4.42274066661908,6.89115427335506,5.19218225880688,9.29576986447572,23.5744030644325,27.3431259382675,28.3688533938352,29.1459517122176,28.2428500703701,25.5776464856663,18.2422475096254,9.42030511503286
"AT",3.78828237819021,4.51899035973622,7.24843060760258,5.17396210827107,9.61939140185414,24.7100521243864,28.4366070531206,29.3587627078157,30.0702567019086,29.138069887762,26.2349582922025,18.5680674702243,9.49429707370008
"AT",2.93332382262574,3.50004253614547,6.3331542620675,4.28075053978483,9.61420105605776,29.8580465065569,35.671577937995,37.2352961719252,38.383260044987,37.0823290646481,33.8890536179421,25.2448709494278,13.3145560705098
"AT",2.96692637274335,3.59424749196831,6.94542066081131,4.07369862934544,10.4449228513846,33.4588030803097,39.6473510977163,41.0772248813294,42.1988820779652,40.2511095727282,34.4482904581244,25.0295257298882,12.3458794135155
"AT",2.54408356653578,2.95170710574725,4.82928146088063,3.55883061583134,7.1868345695061,26.5404852882251,33.3523322685959,34.7850475636031,35.820623894922,34.8640299389437,31.6183551481091,22.2799202143757,11.2825479310768
"AT",2.51641021023329,2.90813246445459,4.59256926168731,3.78564885598739,6.82965012475973,24.4704238852429,30.6491862823151,32.0037339844678,32.9454055248404,32.4210721628548,30.1975127282833,22.0157962697478,11.6844689810691
"AT",2.71351382936437,3.17196048566765,5.45045562206874,3.91339817856318,7.97922653795115,30.1237998911721,36.9096545042656,38.2725890596088,39.1947573755484,38.8176731350952,35.7631540293189,26.233406900849,13.32945356087
"AT",2.7358874008578,3.50275037889141,7.29646065510009,4.16176193310303,10.6869283013072,36.693476263351,44.1570549234025,45.7956839929042,46.9130478462446,45.9656628839726,41.3376879089335,29.2553072352952,14.8814019184067
"AT",2.79430398245899,3.59285035593114,7.12233248037136,4.51347552249059,10.3120576621211,33.2033985182881,40.2079410443514,41.8990916800626,43.0841459839855,42.27350535958,39.2421917288362,27.8148854578691,14.5851503871839
"AT",2.67205225829842,3.40374813560863,6.91998145875787,4.19428366069767,10.4673284642723,35.2752380705114,42.8455960135406,44.6257175234107,45.8533051562612,44.8686022826038,40.4542106330272,27.727671257118,13.9452259491638
"AT",3.43027169787562,4.2751356715025,7.38760011204495,4.68629511855719,9.80415689151344,29.5037076892363,35.0496539025148,36.2326944241712,37.2374437871997,34.8525551437329,29.4034348366788,19.1469782195875,8.62234069366047
"AT",3.9971868832478,5.15713656385996,9.25398623435145,5.51414630042137,12.1044842978035,36.1984557071338,42.4597646629979,43.6642474311726,44.6894193762623,42.2534132994276,34.9333464937476,23.6108810135304,10.674426375598
"AT",3.81670976854546,4.81834466589606,8.33985967090153,5.13693891905565,10.6973697292977,32.9758813737076,38.8591276944109,40.203592424521,41.1305137125594,40.1793213127244,33.3663998032681,22.689718674164,10.6499409551997
"AT",3.81723430720772,4.98376746260329,8.9077021658315,5.63913105334815,11.3336934404438,29.600926606289,33.8833301842462,35.075938901773,35.8554598294359,35.6230229382202,27.7469177667295,19.8071517262345,9.67214841709899
"AT",3.1074041622288,4.09199456129432,7.4885524080393,4.65368450383982,9.93607055906023,28.2195969533155,32.8655476529542,34.3525010534047,35.306052076781,35.2861075330688,26.2583454868881,19.1953841914164,8.86163178342849
"AT",4.19580277529823,5.16720143941471,8.38854378900171,6.29753899227913,10.9872770601236,25.6342992506811,29.3674896658248,30.9246921119459,31.9071445180853,32.9525665818924,29.2719068145521,23.7924015631779,13.3159776604974
"AT",4.0572508035034,4.92858031984965,8.11354523128254,5.16997920975848,10.0661517150148,32.9534770027268,39.1586002340302,40.6213452060385,41.6882893512064,40.9188712341161,32.1434787149082,22.8484325641409,10.5678942589755
"AT",2.53617089576522,3.31015183733209,5.91311061038976,3.93523986728056,8.0355330423246,23.2939857823561,27.4550314147045,28.8307701679272,29.7452219708594,29.798466602144,26.5549760035556,18.7113817838276,9.1939512952073
"AT",2.24120527559009,2.85464738550986,5.17948177919568,3.00044504671883,6.88633516875065,23.7494785773365,28.214392052558,29.6403214377853,30.5616343799187,30.7565694476505,26.294024829114,17.1099155404707,7.68419944056923
"AT",3.06386432836018,3.88151157919826,7.54659342080978,3.99002365819346,9.80261839571819,31.4187946210383,36.6759414899936,38.0750487612552,38.8535272654269,39.2916466820565,31.484503758672,20.429503692588,9.05298655885876
"AT",2.56626030380982,3.2768987103818,6.85182066111788,3.34959283320478,9.02036133320231,30.0417913756825,35.2272572032398,36.5040282337727,37.1796646613338,37.7487726452884,29.8567383746424,18.9702286891869,8.2290991999501
"AT",2.8330655467921,3.62629239868081,7.57014330091705,3.54717948980996,9.73311899936015,33.4296947660861,39.1695661414213,40.4796121650641,41.1630065055236,41.7074000963435,31.9161341313577,19.8972532276509,8.47230232554074
"AT",2.61527088202679,3.37400865516072,7.19835705600727,3.57347919448479,9.66806775141391,30.6733791049768,35.723294007615,37.0458774452214,37.6728245162788,38.755855738277,29.8471968894933,18.7995217637958,8.64484603293878
"AT",2.37103841768512,3.12460142453161,6.8183049526416,3.68855069553312,9.90757153964679,28.0336173763982,32.1640415118432,33.3098232726506,33.7508471504152,35.2267766044225,26.2523240167817,17.6079293486237,8.66501268410887
"AT",2.27440731608685,3.05960476287707,7.07827945004629,3.56315348576085,10.2776411096561,29.8128859096681,34.2764650968416,35.3961670027321,35.7856609869649,37.1469853680104,27.3145524516811,17.812007449901,8.41151515979468
"GS",3.00251701286219,3.66282885295725,6.82893107826042,4.09820525828182,8.6325750280573,28.2606358379518,34.5576471939766,35.6561709918683,36.4222558497652,34.8483801402615,28.3546114417034,20.8282534156377,9.97706376954801
"GS",2.42513335123826,2.94421063768818,5.27394881391174,3.38100506423165,6.78606226126773,20.7310308672874,25.2819989497355,26.1349820609906,26.8440371670472,25.2006835922231,21.2785797515142,15.8554033917426,7.63561473980312
"GS",2.50054432909005,3.10154384015932,5.63797489263374,3.66223872312148,7.64523277205755,24.1679473494495,29.8864524330361,31.0992908360972,31.9864561062016,30.5704659533057,25.0052122201491,18.3246366596687,8.6499191697915
"GS",3.51970627195006,4.29400220414086,7.39398878021563,5.44933075822487,9.91211924863817,25.3146561964765,29.8609164533341,31.0291169408636,31.8687650552562,30.9629956944792,27.4980436122904,22.0844276578588,11.7027500721764
"GS",5.08242003489442,6.03554852595951,10.3089124275997,7.74367613172949,13.8066177191913,31.3797331698388,35.3028807341553,36.5559843609728,37.3275719998365,37.3008134094954,34.4352601424024,29.3297102388909,16.2195797085577
"GS",4.97392286898667,5.91671694092141,10.2489727643534,7.53801218622875,13.6512735525431,31.2028237406567,35.2021474577956,36.4772165174528,37.2888986783084,37.0282668436156,34.1142004197402,28.6209061660395,15.4478672158956
"GS",4.84329750030698,5.80047660048568,9.98457791210406,7.6419214984486,13.4175700774167,29.5543642631097,33.1899637998634,34.3242087871628,35.0575190419416,34.755011064895,32.1787937365122,27.4130602900326,15.4946422086419
"GS",3.76658286549215,4.60592975871685,8.63951380888081,5.89086136774166,11.4135134180703,28.0135564719907,31.9739136656402,33.0342041319705,33.7508564281258,33.1111846086796,30.4271332957789,24.7816610431501,13.8827805650661
"GS",3.49311928108295,4.47950256893047,8.69841487410123,5.79046080707451,11.8184512429961,28.6118668000483,32.2508518509297,33.3915486144282,34.2004315730551,33.6681430246901,31.5284970814273,25.6372240080017,14.4191645517633
"GS",2.51676166337998,3.22551843853312,5.70683793474845,4.68304350618535,8.24644771871458,18.8886166884238,21.9176534126284,23.1014812664384,23.8886670904277,23.8139836360277,24.5373464228076,19.4165359562538,10.8980830112697
"GS",6.07533696666883,7.00558805190631,11.5156891957742,8.16569175499358,13.9738887199188,33.5633973235919,38.7434386602717,40.160336161966,41.0708748321903,40.6518976660885,35.2230206034618,28.4029391084225,15.1118180668998
"GS",4.78661029621994,5.62220854635367,9.8771879172025,6.60317975666515,12.1804702294796,30.663917715085,35.3496724562622,36.6716829880414,37.5464569827612,37.1073588045559,32.1081543540785,25.7724717344977,13.6171953903281
"GS",4.11303430916441,4.89801471859036,8.55938012508015,5.92187134827957,10.7665846239738,26.6928943807252,30.87420754818,32.1666731971297,33.0225573288955,32.8659053001954,28.8257756215286,23.8510232637543,12.5683223881127
"GS",2.11147054146934,2.71349412947911,5.10024819736599,3.60422651977556,7.06523916046305,19.5592389748765,23.1411478121808,24.3398314855347,25.1983860046644,25.0417359262263,23.560885228103,18.7640712246849,9.58081727562221
"GS",2.64181557159652,3.36904987336891,5.70511868744073,4.73072935833548,8.03769274635333,18.6464517553899,21.8342322011603,23.2274115521338,24.1878389204071,24.4943797370978,25.3618568429772,20.2362885124404,10.9268811539644
"GS",2.5636629847185,3.23459211067029,5.7141580190151,4.43581851673291,8.14227112444731,21.227734144485,25.2619032039147,26.5972901861212,27.5229391030154,27.4524911365227,25.7430129223308,20.3385113248898,10.9271902825148
"GS",3.32316744116783,4.16987164710106,7.82146296264836,5.26398818728492,10.5442547740564,26.6618813532988,30.8393054252853,32.0315318443865,32.866512181862,32.4752143270951,28.4188406622971,21.8883830166311,11.7658984547473
"GS",3.86282206462846,4.77228824921876,9.07418351682329,5.84790063536779,11.8512437426534,27.5264627908763,30.9423671385894,31.9585429780831,32.6061453295084,32.3534228671382,29.1173241761073,23.1684226587244,12.4335556112477
"GS",3.68060018862899,4.45721376237255,8.75688211246232,4.86550565756944,10.7577339376822,30.4861554123855,35.1953058454536,36.125050266464,36.7387252334697,35.7454114184357,29.8992949207366,22.849885103163,11.3262365896627
"OPS",3.82241255443348,4.5370074009733,9.37508222999656,4.26693941464934,13.3870961409285,54.6153444493776,64.3211218446802,64.9494586262501,65.4008445396178,59.5461183473315,42.9415670665196,26.4248442194528,10.2665502960767
"OPS",4.13309249132807,4.89587948362758,9.96858963994885,4.63726681928939,14.1211036611179,57.5280601522247,67.5514857030252,68.1465191399443,68.6109678454261,62.3683875686033,44.8383541089174,28.0055199044398,10.767796494938
"OPS",2.78380441815893,3.42912051466246,7.38823321129424,3.26632391149676,10.3715806407846,43.8343073543733,52.1121488000383,52.743995588816,53.2286768833989,48.4014095967416,34.5400315752357,21.4146827959677,8.4592408636642
"OPS",3.17686615119941,3.74286496272775,7.16632790074397,3.51738680208601,9.83338476847984,37.5149593947355,44.1108553945329,44.7490267970015,45.0930095479716,41.6552005875569,29.9023761998153,19.2369073316561,8.10285256157615
"OPS",3.21791522583921,3.96595624404654,8.32079380510184,3.82520625164133,11.2641048976795,39.1475441713629,45.4336081712547,46.1923407852454,46.7193955511115,43.7441029882529,31.8788004995846,21.912961972643,9.55937446940343
"OPS",2.42692440567993,3.23251541283513,8.0645090109262,3.33646937007893,10.892818355356,34.034271629705,38.2592193935439,38.9982238797432,39.7484623064464,37.4499577940204,28.0484941112007,21.4815468627737,10.2952690451422
"OPS",2.48338869007027,3.35289924266008,8.74690517237334,3.37462090808171,11.9841706771272,38.4301101468221,43.1443588132114,43.9329860908864,44.77583880608,41.9992293366167,29.9977745404585,23.1403996003114,10.481039190969
"OPS",2.42966782953044,3.13833422806952,7.14186258671719,3.60517228084434,10.1276313223917,30.4692971557641,34.5100491686584,35.488504305696,36.2949431056147,34.8898958784546,28.1635323130971,21.9110006337965,11.1398966812139
"OPS",3.44523342746313,4.35891495272887,8.39654051523725,5.83825098285674,12.6328643601812,29.6757825038057,33.2272369805669,34.6235995853413,35.4899228201281,35.5649494866822,32.830141454553,26.8780075597891,14.891482603653
"OPS",2.40130937870964,3.11540478069981,7.94141639405523,3.39744352064837,11.8692835884612,41.2758812055725,48.2974674590991,49.5978040933189,50.4835227360859,48.8727424025882,38.1776622673844,25.2362137455633,10.8548998987708
"OPS",2.51377370606968,3.26071490232993,8.45864301326047,3.50788824179132,12.5763967077286,43.7918427702001,51.2160888216922,52.6060330431881,53.554210899814,51.9282750382285,40.4977572725863,27.7636296677621,11.9233875781165
"OPS",2.43128665063109,3.20345493840058,8.56686673722426,3.52549756555029,12.7505431841665,42.4839205048876,49.1403408794244,50.1808695118543,51.0525610433309,48.2353598902043,38.714377726683,25.9392917944226,10.6349807244705
"OPS",2.48067429145718,3.29107815526804,8.66377820354193,3.86270350544984,13.1962380776988,46.6604457805732,55.014845996323,56.4467874140102,57.5149644205822,54.3717404582471,46.9891068698157,29.7681213520924,12.4606391231599
"OPS",2.32004046707361,3.08637278837799,8.20826051861778,3.49553392335222,12.2996646430398,43.7244568081803,51.4963338191036,52.6931659477358,53.7209117471753,50.0707084595271,43.9604625973135,27.4212741960795,11.2357637005548
"OPS",2.7712123441274,3.54922077430157,8.31061794442103,4.39339890137939,12.2328362707667,38.3094218376916,44.5336933370215,45.8619414273157,46.847406911194,45.2834232720573,39.9109985719645,28.234650623045,13.4631760671324
"OPS",2.54051751501791,3.22788775971313,8.16495430103294,3.70060851638452,12.7373035552492,48.8080330812042,57.9960153431554,59.4289027858326,60.6186757532509,57.646197612989,45.1623738589531,31.5313046908576,13.004248644706
"OPS",2.57114884936361,3.29807418919091,8.43716232020106,3.87059843216596,12.6569979065315,42.2645913145348,49.5822389135166,50.8248304169376,51.9711457514553,49.1798014129395,40.447570045331,29.3340222354122,12.995481734845
"OPS",2.48057883157204,3.12240238002246,6.76001643274189,4.23447243840576,10.7469681695745,33.1849717266822,41.4250565393309,43.1893651067135,44.4175172810637,43.9580912275768,38.338377709759,27.6238498397739,12.7833586629006
"OPS",2.17611239217307,2.76610526221612,5.70013024942428,4.02697539230945,9.26425574156865,27.4973448453915,32.0471239853033,33.8907756197388,35.0107696436093,35.9481910402441,33.1153372716436,23.298253862759,11.5602277266945
"OPS",2.09684272001188,2.65652187774934,5.1281673533522,4.22056364886895,8.38682191220988,21.8306216332187,25.4022528922157,27.0949982880571,28.0996690839964,29.5381798308927,30.8682944413736,22.3288563864938,11.9211424724044
"OPS",1.76197599790628,2.19163497516479,5.55762765981504,2.2913993929134,8.08811302480887,35.5845020816136,43.5674502720393,44.7362812085203,45.7783914571553,42.6559107079229,33.2348267622434,20.2123577504834,8.03610952577096
"OPS",2.82953899316585,3.60678613779899,9.13879030808103,3.96905481419326,13.5097240984152,49.1594788438127,58.4672989447062,59.7410762044196,60.7633297503558,57.762797758305,45.2598620737478,30.2550723686076,12.898430521025
"OPS",1.97917703267289,2.52803135411978,6.52435467717766,2.75978336215583,9.69647482621804,37.7361307285655,45.3631058511578,46.5553783327089,47.5712261797164,44.7229522776285,34.4703623725302,22.3945851543407,9.28896232148709
"OPS",4.03032276250621,4.98764191802958,10.0115450805752,6.55118272403749,14.4164654200947,37.136409041794,42.1680285084798,43.7864172466379,44.7588323041486,45.4910606787906,41.9612973271871,34.1147405531902,20.2909226403046
"OPS",3.53667022187755,4.31527010757662,9.64215397770113,5.3939845349596,13.8037970678516,43.6382712418171,50.3520122386502,51.5689712478783,52.3052415114496,51.8923709265439,44.4758341019291,32.6184783769456,17.2169137025603
"OPS",2.40951853077227,3.15173849558253,9.26048888160036,3.384854079747,13.4587719640461,45.2381060944983,53.7597500312948,54.9292876124034,55.6298227202003,55.0074911084874,43.998152599531,31.1532862899668,13.3638830086736
"OPS",2.34439779614294,2.88103758799056,7.59460436446224,3.04238133588215,11.1715266046687,41.0313570503936,48.0365320371934,49.3000816947718,50.0860873695566,49.631713581803,39.4864923862141,27.8315473106305,12.1246637309425
"OPS",2.33763407360304,2.99076579476829,8.60395870118051,3.21897525690703,12.6856286921239,45.2752477433378,52.3598367053641,53.5987804604433,54.2737973569434,54.2941159838029,43.8509429806075,30.4907152670005,13.3735968394752
"OPS",2.94051672631282,3.69372924336083,9.4917281927683,4.04133607307026,13.733738126708,45.3865974915742,51.849099154201,53.1164139466493,53.7162352002497,54.983564093836,43.7381422556991,31.1004907370685,14.2704042623434
"OPS",2.60167391278542,3.37047038744194,8.57772085585171,3.89379312019142,12.472035370395,40.4952148764457,46.4589994231324,47.7964474188872,48.3897953924953,50.291499656165,40.3315019833294,28.7589180948055,13.7068502528051
"OPS",1.7964832768208,2.21681547999872,5.94766721197686,2.16510947305522,8.36205016077161,31.556563909313,36.70070193241,37.4879587718215,37.8625523228066,38.3259833055854,31.0256427563843,20.0075954819606,9.01469583919362
"OPS",2.10327630761035,2.725243949465,7.2700615214561,2.71231404601479,10.580427260645,39.1671478341258,45.9361263340998,47.5520937367085,48.6761947208638,47.5102677915929,38.0348836399182,25.8890241678521,11.0788902415205
